time,symbol,open,high,low,close,volume
2026-05-25 03:45:00+00,NIFTY,23940.25,23983.45,23922.85,23967.35,7590628
2026-05-25 03:45:00+00,BANKNIFTY,54610.55,54809.8,54590.7,54794.8,3820340
2026-05-25 03:46:00+00,NIFTY,23963.95,23979.25,23960.85,23973.25,1456746
2026-05-25 03:46:00+00,BANKNIFTY,54791.75,54834.35,54786.7,54822.85,1163601
2026-05-25 03:47:00+00,NIFTY,23968.2,23976.6,23967.6,23970.65,1409785
2026-05-25 03:47:00+00,BANKNIFTY,54811.4,54826.9,54811.25,54814.85,730515
2026-05-25 03:48:00+00,NIFTY,23982.2,23984.35,23975.25,23978.75,965133
2026-05-25 03:48:00+00,BANKNIFTY,54886,54905.55,54886,54897.25,706872
2026-05-25 03:49:00+00,NIFTY,23970.6,23971.65,23961.85,23967.25,898367
2026-05-25 03:49:00+00,BANKNIFTY,54881.15,54881.15,54845.9,54872.35,565023
2026-05-25 03:50:00+00,NIFTY,23968.75,23969.4,23958.75,23960,959685
2026-05-25 03:50:00+00,BANKNIFTY,54877.95,54886.7,54861.95,54875.7,1065147
2026-05-25 03:51:00+00,NIFTY,23970.75,23976.7,23968.9,23970.9,686552
2026-05-25 03:51:00+00,BANKNIFTY,54856.3,54870.85,54854.55,54855.4,968397
2026-05-25 03:52:00+00,NIFTY,23975.2,23981.4,23970.2,23978.3,638233
2026-05-25 03:52:00+00,BANKNIFTY,54855.15,54872.95,54851.6,54869.95,679720
2026-05-25 03:53:00+00,NIFTY,23966.9,23967.75,23959.05,23962.15,544280
2026-05-25 03:53:00+00,BANKNIFTY,54854.5,54856.45,54834.35,54842.95,1411541
2026-05-25 03:54:00+00,NIFTY,23979.1,23987.05,23975.65,23985.55,707192
2026-05-25 03:54:00+00,BANKNIFTY,54880.05,54937.5,54880.05,54928.9,920644
2026-05-25 03:55:00+00,NIFTY,23979.5,23989.1,23975.75,23985.15,1144375
2026-05-25 03:55:00+00,BANKNIFTY,54928.35,54974.4,54924.85,54965.2,928421
2026-05-25 03:56:00+00,NIFTY,23986.7,23987.5,23982.35,23983.7,612063
2026-05-25 03:56:00+00,BANKNIFTY,54944.1,54948.65,54925.9,54938.5,423936
2026-05-25 03:57:00+00,NIFTY,23982,23982,23971.25,23972.55,1180646
2026-05-25 03:57:00+00,BANKNIFTY,54930.4,54934.15,54912.1,54916,471682
2026-05-25 03:58:00+00,NIFTY,23983.4,23983.4,23976.7,23977.6,469110
2026-05-25 03:58:00+00,BANKNIFTY,54927.7,54935.1,54919.2,54929.35,614944
2026-05-25 03:59:00+00,NIFTY,23979.9,23981.8,23974.5,23976.8,623302
2026-05-25 03:59:00+00,BANKNIFTY,54949.65,54949.65,54926.6,54930.6,488146
2026-05-25 04:00:00+00,NIFTY,23981.95,23984.3,23979.3,23979.85,835517
2026-05-25 04:00:00+00,BANKNIFTY,54939.35,54947.75,54928,54943.6,708305
2026-05-25 04:01:00+00,NIFTY,23970.35,23972.35,23963.2,23969.75,850545
2026-05-25 04:01:00+00,BANKNIFTY,54928.4,54933.35,54908.65,54923.25,588276
2026-05-25 04:02:00+00,NIFTY,23960.5,23964,23957.4,23959.15,955123
2026-05-25 04:02:00+00,BANKNIFTY,54918.15,54938.2,54912.7,54929.5,682123
2026-05-25 04:03:00+00,NIFTY,23960,23961.95,23957.15,23961.4,496668
2026-05-25 04:03:00+00,BANKNIFTY,54927.45,54932.75,54915.55,54923.15,376037
2026-05-25 04:04:00+00,NIFTY,23966.15,23966.15,23955.45,23956.5,588024
2026-05-25 04:04:00+00,BANKNIFTY,54902.6,54904.85,54889.1,54892.2,278125
2026-05-25 04:05:00+00,NIFTY,23961.6,23961.7,23951.95,23956.35,631099
2026-05-25 04:05:00+00,BANKNIFTY,54910.8,54912.2,54885.05,54890.25,1022216
2026-05-25 04:06:00+00,NIFTY,23952.75,23952.75,23943.9,23947,750220
2026-05-25 04:06:00+00,BANKNIFTY,54897.05,54897.05,54883.1,54886.55,536981
2026-05-25 04:07:00+00,NIFTY,23947.9,23949.9,23941.5,23948.8,514685
2026-05-25 04:07:00+00,BANKNIFTY,54871.45,54878.35,54864.25,54876.75,509248
2026-05-25 04:08:00+00,NIFTY,23953.2,23953.55,23945.45,23945.45,587086
2026-05-25 04:08:00+00,BANKNIFTY,54901.1,54906.05,54883.2,54883.2,506957
2026-05-25 04:09:00+00,NIFTY,23942.2,23943.6,23938.55,23941.4,501599
2026-05-25 04:09:00+00,BANKNIFTY,54877.2,54882.65,54863.25,54882.65,512698
2026-05-25 04:10:00+00,NIFTY,23943.2,23943.2,23931.5,23932.95,1221966
2026-05-25 04:10:00+00,BANKNIFTY,54882.3,54882.3,54864.4,54876.7,801047
2026-05-25 04:11:00+00,NIFTY,23943.8,23944.9,23938.9,23939.65,666435
2026-05-25 04:11:00+00,BANKNIFTY,54901.95,54901.95,54891.45,54896.85,486765
2026-05-25 04:12:00+00,NIFTY,23936.8,23939.2,23933.65,23939.2,370007
2026-05-25 04:12:00+00,BANKNIFTY,54883.05,54902.45,54881.35,54902.45,247501
2026-05-25 04:13:00+00,NIFTY,23939.8,23939.8,23928.9,23929.75,514817
2026-05-25 04:13:00+00,BANKNIFTY,54895.85,54895.85,54871.2,54878.15,266565
2026-05-25 04:14:00+00,NIFTY,23932.55,23941.2,23930.2,23939,477634
2026-05-25 04:14:00+00,BANKNIFTY,54886.95,54916.55,54884.2,54907.7,373774
2026-05-25 04:15:00+00,NIFTY,23951.45,23951.45,23942.75,23942.75,614019
2026-05-25 04:15:00+00,BANKNIFTY,54918.55,54919.5,54901.55,54905.55,247668
2026-05-25 04:21:00+00,NIFTY,23939.15,23945.2,23936.55,23944.3,536670
2026-05-25 04:21:00+00,BANKNIFTY,54869.35,54875.1,54861.35,54874.2,352068
2026-05-25 04:22:00+00,NIFTY,23943.7,23943.7,23929.8,23929.8,620469
2026-05-25 04:22:00+00,BANKNIFTY,54865.55,54865.9,54837.9,54837.9,383892
2026-05-25 04:23:00+00,NIFTY,23936.6,23939.85,23932.3,23934.35,604915
2026-05-25 04:23:00+00,BANKNIFTY,54846.25,54850.95,54835.45,54844,573400
2026-05-25 04:24:00+00,NIFTY,23930.3,23934.9,23928.85,23934.9,616308
2026-05-25 04:24:00+00,BANKNIFTY,54833.15,54861.95,54830.05,54861,838889
2026-05-25 04:25:00+00,NIFTY,23938.35,23939.1,23928.95,23930.75,484759
2026-05-25 04:25:00+00,BANKNIFTY,54861.85,54869.1,54845.4,54846.75,397290
2026-05-25 04:26:00+00,NIFTY,23932.9,23936.1,23930.95,23934.7,479949
2026-05-25 04:26:00+00,BANKNIFTY,54850.1,54866.55,54846.1,54858.95,958405
2026-05-25 04:27:00+00,NIFTY,23936.75,23938.5,23932.35,23937.4,844119
2026-05-25 04:27:00+00,BANKNIFTY,54857.65,54870.85,54857.65,54866.7,730231
2026-05-25 04:28:00+00,NIFTY,23939.15,23939.6,23935.3,23936.6,749201
2026-05-25 04:28:00+00,BANKNIFTY,54857.1,54862.4,54846.85,54858.45,346148
2026-05-25 04:35:00+00,NIFTY,23944.95,23946.6,23942.2,23944.65,628790
2026-05-25 04:35:00+00,BANKNIFTY,54940.3,54951.65,54931.4,54947.65,558546
2026-05-25 04:36:00+00,NIFTY,23947.15,23947.4,23943.3,23944.8,728912
2026-05-25 04:36:00+00,BANKNIFTY,54953.8,54961.7,54934.7,54938.5,500390
2026-05-25 04:37:00+00,NIFTY,23950,23950,23944.15,23945.2,814144
2026-05-25 04:37:00+00,BANKNIFTY,54945.85,54946.3,54921.6,54925.45,492770
2026-05-25 04:38:00+00,NIFTY,23945.65,23947.05,23941.05,23943,694397
2026-05-25 04:38:00+00,BANKNIFTY,54929,54929,54906.55,54912.45,297411
2026-05-25 04:39:00+00,NIFTY,23946.95,23952.55,23944.05,23951.75,599411
2026-05-25 04:39:00+00,BANKNIFTY,54927.95,54950.1,54921.8,54944.6,525477
2026-05-25 04:46:00+00,NIFTY,23958.35,23958.45,23952.9,23953.6,756496
2026-05-25 04:46:00+00,BANKNIFTY,54976.8,54980.45,54954.35,54959.65,808434
2026-05-25 04:47:00+00,NIFTY,23957.6,23971.45,23955.45,23968.9,713025
2026-05-25 04:47:00+00,BANKNIFTY,54956.3,54984.65,54949.8,54984.35,437653
2026-05-25 05:59:00+00,NIFTY,23979.45,23979.45,23975.15,23978.4,313388
2026-05-25 05:59:00+00,BANKNIFTY,55073.3,55084,55071.45,55077.2,268379
2026-05-25 06:00:00+00,NIFTY,23978.45,23978.45,23974.75,23976.3,285578
2026-05-25 06:00:00+00,BANKNIFTY,55083.05,55083.75,55068,55076.1,259693
2026-05-25 06:01:00+00,NIFTY,23976.05,23978.65,23973.25,23974.5,269870
2026-05-25 06:01:00+00,BANKNIFTY,55072.05,55076.05,55061.9,55068,194489
2026-05-25 06:02:00+00,NIFTY,23975.95,23975.95,23971.75,23973.9,350392
2026-05-25 06:02:00+00,BANKNIFTY,55070.75,55083.1,55064.55,55078.5,208104
2026-05-25 06:03:00+00,NIFTY,23972.8,23972.8,23966.95,23971.05,262222
2026-05-25 06:03:00+00,BANKNIFTY,55078.5,55078.5,55062.3,55072.8,184873
2026-05-25 06:04:00+00,NIFTY,23964.95,23968.85,23962.4,23963.25,392315
2026-05-25 06:04:00+00,BANKNIFTY,55064,55075.15,55058.25,55068.1,183686
2026-05-25 06:05:00+00,NIFTY,23961.45,23966.1,23960.55,23964.95,400969
2026-05-25 06:05:00+00,BANKNIFTY,55061.7,55069.6,55055.3,55063.6,262812
2026-05-25 06:06:00+00,NIFTY,23968.2,23973.55,23964.3,23972.25,346468
2026-05-25 06:06:00+00,BANKNIFTY,55063.95,55068,55054.45,55059.6,231160
2026-05-25 06:11:00+00,NIFTY,23990.45,23990.45,23985.65,23986.2,283213
2026-05-25 06:11:00+00,BANKNIFTY,55111.6,55113.55,55099.75,55103.15,315497
2026-05-25 06:12:00+00,NIFTY,23988.35,23988.35,23981.55,23984,292790
2026-05-25 06:12:00+00,BANKNIFTY,55113.05,55113.05,55097,55104.4,248336
2026-05-25 06:13:00+00,NIFTY,23985.4,23985.65,23981.35,23982.15,342494
2026-05-25 06:13:00+00,BANKNIFTY,55100.5,55104.5,55091.1,55091.85,262972
2026-05-25 06:14:00+00,NIFTY,23983.7,23983.7,23978.15,23978.8,260634
2026-05-25 06:14:00+00,BANKNIFTY,55096.35,55096.95,55080.55,55086.65,407559
2026-05-25 06:15:00+00,NIFTY,23982.15,23984.6,23979.8,23982.45,515899
2026-05-25 06:15:00+00,BANKNIFTY,55096.1,55099.35,55087.35,55095.15,533766
2026-05-25 06:16:00+00,NIFTY,23984,23985.4,23982.45,23984.05,442583
2026-05-25 06:16:00+00,BANKNIFTY,55104.3,55114.45,55100.5,55114,547075
2026-05-25 06:17:00+00,NIFTY,23981.95,23982.3,23978.15,23981.6,435540
2026-05-25 06:17:00+00,BANKNIFTY,55105.75,55106.75,55093.05,55104.1,302022
2026-05-25 06:18:00+00,NIFTY,23987.05,23987.05,23980.45,23982.3,416965
2026-05-25 06:18:00+00,BANKNIFTY,55109.95,55112.25,55100.05,55108.35,220216
2026-05-25 06:19:00+00,NIFTY,23984.25,23984.25,23978.75,23981,310263
2026-05-25 06:19:00+00,BANKNIFTY,55110.05,55110.75,55098.65,55103,198609
2026-05-25 06:20:00+00,NIFTY,23982.85,23985.1,23979.6,23983.3,418470
2026-05-25 06:20:00+00,BANKNIFTY,55104.15,55113.5,55094.55,55111.05,925182
2026-05-25 06:21:00+00,NIFTY,23984.45,23985.25,23981.5,23982.5,510369
2026-05-25 06:21:00+00,BANKNIFTY,55108.4,55112.9,55101.6,55108.95,359307
2026-05-25 06:22:00+00,NIFTY,23984.7,23987.8,23983.1,23984.75,385192
2026-05-25 06:22:00+00,BANKNIFTY,55113.95,55122.15,55108.15,55113.25,332779
2026-05-25 06:23:00+00,NIFTY,23987.85,23987.85,23983.85,23987.65,463875
2026-05-25 06:23:00+00,BANKNIFTY,55120.55,55120.55,55102.45,55112.85,335603
2026-05-25 06:24:00+00,NIFTY,23987.65,23989.4,23984.8,23989.2,512021
2026-05-25 06:24:00+00,BANKNIFTY,55106.4,55108.05,55093.65,55103.3,222107
2026-05-25 06:25:00+00,NIFTY,23989.9,23990.95,23987.5,23989.2,556633
2026-05-25 06:25:00+00,BANKNIFTY,55110.5,55113.5,55104.7,55106.35,215889
2026-05-25 06:26:00+00,NIFTY,23989.3,23989.3,23984.9,23987.75,423609
2026-05-25 06:26:00+00,BANKNIFTY,55107.5,55107.5,55092.1,55103.2,244846
2026-05-25 06:27:00+00,NIFTY,23989.2,23989.6,23986.7,23988.05,690368
2026-05-25 06:27:00+00,BANKNIFTY,55105.1,55109.15,55096.8,55103.2,247346
2026-05-25 06:28:00+00,NIFTY,23990.2,23990.2,23986.65,23989.3,1067594
2026-05-25 06:28:00+00,BANKNIFTY,55105.1,55109.7,55097.7,55106.5,214032
2026-05-25 06:29:00+00,NIFTY,23992.7,23992.7,23986.8,23987.1,659070
2026-05-25 06:29:00+00,BANKNIFTY,55114.5,55116.1,55105,55108.9,330792
2026-05-25 06:30:00+00,NIFTY,23988.15,23988.15,23978.55,23980,568082
2026-05-25 06:30:00+00,BANKNIFTY,55102.1,55102.1,55061,55063.2,428666
2026-05-25 06:31:00+00,NIFTY,23978.25,23978.25,23971.65,23974.95,725269
2026-05-25 06:31:00+00,BANKNIFTY,55055.85,55062.7,55038.9,55056.7,545827
2026-05-25 06:32:00+00,NIFTY,23974.55,23978.5,23971.05,23972.8,958176
2026-05-25 06:32:00+00,BANKNIFTY,55058.05,55067.45,55045.65,55056.8,179067
2026-05-25 04:16:00+00,NIFTY,23948.75,23948.75,23942.3,23944.05,680396
2026-05-25 04:16:00+00,BANKNIFTY,54913.95,54913.95,54889.95,54890.95,538074
2026-05-25 04:17:00+00,NIFTY,23944.55,23944.55,23933.6,23940.1,768522
2026-05-25 04:17:00+00,BANKNIFTY,54889.65,54894.7,54860.65,54892.65,821281
2026-05-25 04:18:00+00,NIFTY,23936.65,23937.3,23925.15,23927.35,749353
2026-05-25 04:18:00+00,BANKNIFTY,54888.25,54896.4,54867.2,54870.85,474286
2026-05-25 04:19:00+00,NIFTY,23927.65,23934.35,23926.2,23933.55,624808
2026-05-25 04:19:00+00,BANKNIFTY,54854.45,54866.35,54847,54853.5,498346
2026-05-25 04:20:00+00,NIFTY,23938.2,23941.25,23934.85,23940.2,478659
2026-05-25 04:20:00+00,BANKNIFTY,54859.15,54869.3,54851.75,54868.95,796251
2026-05-25 04:29:00+00,NIFTY,23938.3,23938.75,23933.25,23935,453729
2026-05-25 04:29:00+00,BANKNIFTY,54866,54873.9,54857.35,54859.35,325028
2026-05-25 04:30:00+00,NIFTY,23938.75,23944.9,23935.5,23937.3,771887
2026-05-25 04:30:00+00,BANKNIFTY,54869.4,54885.35,54863,54865.45,1050392
2026-05-25 04:31:00+00,NIFTY,23938,23941.8,23936,23939.9,671618
2026-05-25 04:31:00+00,BANKNIFTY,54864,54883.55,54861.8,54878.4,383054
2026-05-25 04:32:00+00,NIFTY,23940.4,23940.95,23933.45,23936.05,764152
2026-05-25 04:32:00+00,BANKNIFTY,54878.4,54887.6,54875.35,54882.6,609952
2026-05-25 04:33:00+00,NIFTY,23939.3,23939.4,23936,23939.4,5959182
2026-05-25 04:33:00+00,BANKNIFTY,54883.05,54895.25,54880.45,54891.65,537907
2026-05-25 04:34:00+00,NIFTY,23944,23946.9,23942.5,23943.75,721435
2026-05-25 04:34:00+00,BANKNIFTY,54916.85,54957.7,54916.85,54940.45,1330830
2026-05-25 04:40:00+00,NIFTY,23954.35,23954.5,23950.5,23951.5,587861
2026-05-25 04:40:00+00,BANKNIFTY,54942.95,54950.2,54937.6,54942.3,402774
2026-05-25 04:41:00+00,NIFTY,23956.95,23959.85,23955.1,23956.45,802952
2026-05-25 04:41:00+00,BANKNIFTY,54955.5,54957.4,54943.6,54951.15,406485
2026-05-25 04:42:00+00,NIFTY,23956.25,23956.25,23945.2,23947.25,1004265
2026-05-25 04:42:00+00,BANKNIFTY,54949.3,54951.95,54927.3,54941.95,416773
2026-05-25 04:43:00+00,NIFTY,23951.95,23955.2,23951.15,23951.65,662780
2026-05-25 04:43:00+00,BANKNIFTY,54945.5,54962.75,54945.25,54954.4,712027
2026-05-25 04:44:00+00,NIFTY,23954.4,23954.4,23948.35,23951.75,537919
2026-05-25 04:44:00+00,BANKNIFTY,54958.15,54961.15,54947.5,54956.2,248310
2026-05-25 04:45:00+00,NIFTY,23953.85,23959.45,23952.6,23957.6,518092
2026-05-25 04:45:00+00,BANKNIFTY,54960.1,54976.1,54957.9,54974.25,1513354
2026-05-25 04:48:00+00,NIFTY,23970.1,23972.6,23967.65,23972.6,523138
2026-05-25 04:48:00+00,BANKNIFTY,54981.55,54988.6,54972.2,54983.25,346579
2026-05-25 04:49:00+00,NIFTY,23977.05,23977.9,23971.1,23971.7,611477
2026-05-25 04:49:00+00,BANKNIFTY,54987.55,54994.35,54980.9,54989.85,334141
2026-05-25 04:50:00+00,NIFTY,23972.6,23973.1,23968,23968.15,566756
2026-05-25 04:50:00+00,BANKNIFTY,54986.9,54991.15,54974.75,54976.1,313141
2026-05-25 04:51:00+00,NIFTY,23968.35,23970.45,23965.55,23969.75,1006570
2026-05-25 04:51:00+00,BANKNIFTY,54973.4,54981.65,54960.2,54968.45,388370
2026-05-25 04:52:00+00,NIFTY,23969.95,23980.95,23968.05,23976.65,860052
2026-05-25 04:52:00+00,BANKNIFTY,54962.85,54977.4,54962.85,54965.7,324080
2026-05-25 04:53:00+00,NIFTY,23978.1,23978.15,23971.95,23973.35,951551
2026-05-25 04:53:00+00,BANKNIFTY,54969.05,54973.7,54954.8,54957.65,324352
2026-05-25 04:54:00+00,NIFTY,23973.4,23973.4,23966.25,23966.3,727700
2026-05-25 04:54:00+00,BANKNIFTY,54957.65,54962.85,54946.6,54950.25,336190
2026-05-25 04:55:00+00,NIFTY,23967.3,23967.95,23960.15,23962.8,705535
2026-05-25 04:55:00+00,BANKNIFTY,54947.15,54949.85,54936.35,54945.25,319636
2026-05-25 04:56:00+00,NIFTY,23963.95,23965.3,23960.25,23962.9,613448
2026-05-25 04:56:00+00,BANKNIFTY,54948.05,54966.25,54944,54960.5,491240
2026-05-25 04:57:00+00,NIFTY,23963.45,23964.95,23955.65,23958.1,501902
2026-05-25 04:57:00+00,BANKNIFTY,54962.05,54967.6,54947.5,54953,337232
2026-05-25 04:58:00+00,NIFTY,23958.65,23959.85,23954.45,23958.65,416810
2026-05-25 04:58:00+00,BANKNIFTY,54952.75,54952.75,54939.65,54943.95,524278
2026-05-25 04:59:00+00,NIFTY,23961.4,23962.5,23956.8,23958.85,442468
2026-05-25 04:59:00+00,BANKNIFTY,54943.4,54953.4,54940.9,54949.15,254322
2026-05-25 05:00:00+00,NIFTY,23960.9,23966.75,23959.2,23964.4,556127
2026-05-25 05:00:00+00,BANKNIFTY,54952.2,54990.2,54952.15,54986.55,650489
2026-05-25 05:01:00+00,NIFTY,23967.6,23972.2,23963.45,23970.95,776596
2026-05-25 05:01:00+00,BANKNIFTY,54988,55020.85,54979.05,55018.35,472555
2026-05-25 05:02:00+00,BANKNIFTY,55022.1,55022.1,55022.1,55022.1,0
2026-05-25 05:02:00+00,NIFTY,23973.4,23973.5,23962.65,23968.05,754083
2026-05-25 05:03:00+00,NIFTY,23969.75,23969.75,23969.15,23969.15,0
2026-05-25 05:03:00+00,BANKNIFTY,55031.2,55033.4,55029.85,55029.85,0
2026-05-25 05:04:00+00,NIFTY,23973.35,23973.35,23971.7,23971.85,39366
2026-05-25 05:04:00+00,BANKNIFTY,55035.65,55035.65,55031.5,55031.5,35500
2026-05-25 05:05:00+00,NIFTY,23975.05,23975.05,23973.75,23973.75,33641
2026-05-25 05:05:00+00,BANKNIFTY,55043.05,55044.5,55040.65,55040.65,7680
2026-05-25 05:06:00+00,NIFTY,23980.65,23981.55,23980.65,23980.75,75097
2026-05-25 05:06:00+00,BANKNIFTY,55061,55072.65,55061,55071.2,78908
2026-05-25 05:07:00+00,NIFTY,23985.1,23985.1,23983.9,23984.8,22279
2026-05-25 05:07:00+00,BANKNIFTY,55062,55062,55058.35,55060.1,15280
2026-05-25 05:08:00+00,NIFTY,23988.35,23988.65,23987.35,23987.6,57408
2026-05-25 05:08:00+00,BANKNIFTY,55062.45,55064.9,55059.45,55059.45,19048
2026-05-25 05:09:00+00,NIFTY,23986,23986,23984.95,23984.95,42965
2026-05-25 05:09:00+00,BANKNIFTY,55060.9,55060.9,55058.55,55060.6,12825
2026-05-25 05:10:00+00,NIFTY,23986.75,23987.4,23985.25,23986.7,84303
2026-05-25 05:10:00+00,BANKNIFTY,55065.5,55069.35,55061.55,55069.35,94942
2026-05-25 05:11:00+00,NIFTY,23989.35,23989.35,23986.65,23987.3,82093
2026-05-25 05:11:00+00,BANKNIFTY,55079.7,55082.1,55063.95,55074.55,61599
2026-05-25 05:12:00+00,NIFTY,23984.45,23984.55,23980.9,23982.25,116379
2026-05-25 05:12:00+00,BANKNIFTY,55068.15,55071.4,55065.85,55071.4,41894
2026-05-25 05:13:00+00,NIFTY,23986,23986,23983.95,23984.6,66581
2026-05-25 05:13:00+00,BANKNIFTY,55073.7,55073.7,55062.45,55067,48030
2026-05-25 05:14:00+00,NIFTY,23987,23987,23984.15,23984.6,67541
2026-05-25 05:14:00+00,BANKNIFTY,55064.8,55068.05,55062.05,55065.25,44383
2026-05-25 05:15:00+00,NIFTY,23989,23989,23987.25,23988.05,48045
2026-05-25 05:15:00+00,BANKNIFTY,55058.5,55058.5,55053.95,55057.8,28217
2026-05-25 05:16:00+00,NIFTY,23988,23988,23985,23986.6,94411
2026-05-25 05:16:00+00,BANKNIFTY,55064,55066.8,55055.75,55061.25,75056
2026-05-25 05:17:00+00,NIFTY,23995.55,23995.55,23992.1,23993.3,264545
2026-05-25 05:17:00+00,BANKNIFTY,55078.3,55085.8,55070.6,55073.65,206704
2026-05-25 05:18:00+00,NIFTY,23990.55,23990.55,23988.05,23989.45,87718
2026-05-25 05:18:00+00,BANKNIFTY,55078.6,55078.6,55066.3,55072.65,42397
2026-05-25 05:19:00+00,NIFTY,23990.7,23990.7,23986.4,23987,177327
2026-05-25 05:19:00+00,BANKNIFTY,55067,55072.5,55063.55,55065.55,53041
2026-05-25 05:20:00+00,NIFTY,23988.5,23989.05,23987.1,23987.55,135893
2026-05-25 05:20:00+00,BANKNIFTY,55064.25,55069.2,55061.75,55062.85,78847
2026-05-25 05:21:00+00,NIFTY,23985.4,23985.4,23982.05,23982.65,228272
2026-05-25 05:21:00+00,BANKNIFTY,55059.55,55065.55,55055.95,55065.55,60217
2026-05-25 05:22:00+00,NIFTY,23981.55,23981.55,23977.4,23978.15,109524
2026-05-25 05:22:00+00,BANKNIFTY,55062.5,55064.9,55058.65,55064.1,199184
2026-05-25 05:23:00+00,NIFTY,23983.3,23983.7,23980.55,23981.8,96808
2026-05-25 05:23:00+00,BANKNIFTY,55063.05,55066.4,55058,55059.55,550854
2026-05-25 05:24:00+00,NIFTY,23984.45,23984.7,23982.95,23983.65,126230
2026-05-25 05:24:00+00,BANKNIFTY,55062.2,55064.65,55056.25,55056.25,61211
2026-05-25 05:25:00+00,NIFTY,23989.65,23990.55,23987.4,23990,258673
2026-05-25 05:25:00+00,BANKNIFTY,55066.1,55066.1,55058.25,55064.15,118952
2026-05-25 05:26:00+00,NIFTY,23983.55,23983.55,23981.15,23981.3,371194
2026-05-25 05:26:00+00,BANKNIFTY,55044.25,55048.2,55040.15,55041.45,46760
2026-05-25 05:27:00+00,NIFTY,23984.1,23984.1,23980.4,23981.65,119470
2026-05-25 05:27:00+00,BANKNIFTY,55053.45,55053.45,55039.35,55042.95,55993
2026-05-25 05:28:00+00,NIFTY,23979.15,23979.15,23975.3,23975.8,104096
2026-05-25 05:28:00+00,BANKNIFTY,55030.85,55030.85,55020,55025.4,47802
2026-05-25 05:29:00+00,NIFTY,23975.75,23975.75,23973.7,23974.5,115647
2026-05-25 05:29:00+00,BANKNIFTY,55023.85,55032.1,55020.75,55032.1,91092
2026-05-25 05:30:00+00,NIFTY,23979.55,23979.55,23977.55,23978.35,184185
2026-05-25 05:30:00+00,BANKNIFTY,55048.45,55051.6,55041.55,55048.2,73728
2026-05-25 05:31:00+00,NIFTY,23977.3,23977.3,23974,23974.85,205862
2026-05-25 05:31:00+00,BANKNIFTY,55034.1,55035.3,55025.1,55030,74974
2026-05-25 05:32:00+00,NIFTY,23977.35,23977.9,23974.5,23975.65,307364
2026-05-25 05:32:00+00,BANKNIFTY,55026.65,55027.2,55019.05,55026.05,260314
2026-05-25 05:33:00+00,NIFTY,23974.95,23974.95,23972,23973.3,191470
2026-05-25 05:33:00+00,BANKNIFTY,55038.55,55046.8,55033.25,55041.95,346820
2026-05-25 05:34:00+00,NIFTY,23977.5,23980.95,23975.8,23979.25,238209
2026-05-25 05:34:00+00,BANKNIFTY,55050.35,55069.1,55050.35,55064.65,214730
2026-05-25 05:35:00+00,NIFTY,23983.75,23985.95,23982.3,23985,265057
2026-05-25 05:35:00+00,BANKNIFTY,55073.1,55076.15,55069.15,55074.2,238739
2026-05-25 05:36:00+00,NIFTY,23981.3,23981.3,23976.2,23977.4,351955
2026-05-25 05:36:00+00,BANKNIFTY,55063.65,55064.9,55046.8,55046.8,162176
2026-05-25 05:37:00+00,NIFTY,23981.25,23982.1,23979.4,23981.7,157450
2026-05-25 05:37:00+00,BANKNIFTY,55065.5,55072.2,55063.45,55066.85,658407
2026-05-25 05:38:00+00,NIFTY,23979.2,23979.2,23976.65,23977.75,257295
2026-05-25 05:38:00+00,BANKNIFTY,55062.9,55066.05,55058,55061.8,101304
2026-05-25 05:39:00+00,NIFTY,23980.4,23982,23978.2,23982,282528
2026-05-25 05:39:00+00,BANKNIFTY,55076.45,55080.95,55067.75,55079.9,103358
2026-05-25 05:40:00+00,NIFTY,23980.4,23981.5,23977.05,23979.9,373416
2026-05-25 05:40:00+00,BANKNIFTY,55064.9,55067.95,55053.3,55067.95,243344
2026-05-25 05:41:00+00,NIFTY,23979.35,23980.35,23977.15,23979.7,273695
2026-05-25 05:41:00+00,BANKNIFTY,55060.6,55062.4,55054.65,55059.9,105132
2026-05-25 05:42:00+00,NIFTY,23981.75,23984.8,23979.25,23983.8,289761
2026-05-25 05:42:00+00,BANKNIFTY,55068.1,55078.55,55067.3,55076.7,154634
2026-05-25 05:43:00+00,NIFTY,23986.85,23989.9,23986.55,23987.55,288604
2026-05-25 05:43:00+00,BANKNIFTY,55085.4,55093.75,55083.1,55086.9,191230
2026-05-25 05:44:00+00,NIFTY,23989.15,23989.35,23984.75,23985.4,208927
2026-05-25 05:44:00+00,BANKNIFTY,55085,55086.1,55077.15,55083.85,189417
2026-05-25 05:45:00+00,NIFTY,23989,23989,23984.9,23985.65,273522
2026-05-25 05:45:00+00,BANKNIFTY,55084.45,55086.55,55070.9,55075.55,182440
2026-05-25 05:46:00+00,NIFTY,23988.05,23988.05,23984.85,23986.35,184960
2026-05-25 05:46:00+00,BANKNIFTY,55082.6,55082.6,55073.75,55079.3,157274
2026-05-25 05:47:00+00,NIFTY,23985.2,23985.2,23981.65,23982.75,218535
2026-05-25 05:47:00+00,BANKNIFTY,55079,55079,55071.1,55074.85,197503
2026-05-25 05:48:00+00,NIFTY,23981.65,23982.1,23979.25,23980.45,284435
2026-05-25 05:48:00+00,BANKNIFTY,55071.7,55073.7,55062.85,55068.35,166362
2026-05-25 05:49:00+00,NIFTY,23982.85,23982.85,23977.85,23980.95,306876
2026-05-25 05:49:00+00,BANKNIFTY,55083.95,55086.5,55076.55,55084.95,232197
2026-05-25 05:50:00+00,NIFTY,23980.55,23980.55,23975.85,23976.6,215939
2026-05-25 05:50:00+00,BANKNIFTY,55081.95,55083.15,55071.6,55074.55,144629
2026-05-25 05:51:00+00,NIFTY,23978.85,23979.05,23974.95,23977,757889
2026-05-25 05:51:00+00,BANKNIFTY,55082.45,55084.85,55074.9,55079.8,132371
2026-05-25 05:52:00+00,NIFTY,23975.7,23975.7,23971.1,23971.7,274979
2026-05-25 05:52:00+00,BANKNIFTY,55066.55,55070.35,55059.75,55060.25,244667
2026-05-25 05:53:00+00,NIFTY,23976,23976.6,23973.85,23976.4,217141
2026-05-25 05:53:00+00,BANKNIFTY,55065.95,55071.6,55062.5,55066.9,393502
2026-05-25 05:54:00+00,NIFTY,23976.05,23978.15,23972.55,23974.5,234537
2026-05-25 05:54:00+00,BANKNIFTY,55067.95,55070.7,55059.45,55061.55,144494
2026-05-25 05:55:00+00,NIFTY,23980.95,23981.9,23978.3,23980.3,246645
2026-05-25 05:55:00+00,BANKNIFTY,55070.85,55077.6,55068.6,55075.3,141868
2026-05-25 05:56:00+00,NIFTY,23978.4,23978.85,23975.6,23976.9,442192
2026-05-25 05:56:00+00,BANKNIFTY,55064.4,55074.5,55055.3,55071.1,356825
2026-05-25 05:57:00+00,NIFTY,23975.3,23976.95,23974.3,23976.75,242917
2026-05-25 05:57:00+00,BANKNIFTY,55057.15,55070.9,55054.9,55067.15,361028
2026-05-25 05:58:00+00,NIFTY,23976.3,23976.5,23973.3,23974.6,263293
2026-05-25 05:58:00+00,BANKNIFTY,55063.15,55068.7,55057.6,55061.8,154520
2026-05-25 06:07:00+00,NIFTY,23973.1,23973.15,23969.4,23971.2,240243
2026-05-25 06:07:00+00,BANKNIFTY,55065.85,55068.8,55056.95,55065.8,296376
2026-05-25 06:08:00+00,NIFTY,23972.4,23972.4,23968.4,23970.1,371485
2026-05-25 06:08:00+00,BANKNIFTY,55059.9,55062.05,55047.3,55047.3,181013
2026-05-25 06:09:00+00,NIFTY,23973.95,23978.35,23971.6,23977.1,559525
2026-05-25 06:09:00+00,BANKNIFTY,55057.85,55089.05,55056.45,55082.85,325731
2026-05-25 06:10:00+00,NIFTY,23981.7,23985.5,23979.85,23983.45,299860
2026-05-25 06:10:00+00,BANKNIFTY,55098.2,55105.55,55093,55101.3,189377
2026-05-25 06:33:00+00,NIFTY,23975.15,23975.15,23965.6,23966.55,602827
2026-05-25 06:33:00+00,BANKNIFTY,55058.05,55059.7,55040.3,55043.15,284191
2026-05-25 06:34:00+00,NIFTY,23967.55,23971.65,23965.9,23968.95,754981
2026-05-25 06:34:00+00,BANKNIFTY,55036.5,55044.95,55031.95,55035.1,227283
2026-05-25 06:35:00+00,NIFTY,23971.75,23971.75,23966.1,23967.45,733897
2026-05-25 06:35:00+00,BANKNIFTY,55039.45,55039.45,55010.55,55010.55,320046
2026-05-25 06:40:00+00,NIFTY,23964.5,23966.85,23961.65,23965.85,441889
2026-05-25 06:40:00+00,BANKNIFTY,55009.75,55026.5,55006.15,55024.35,130464
2026-05-25 06:41:00+00,NIFTY,23966.4,23971.15,23964.1,23968.55,640793
2026-05-25 06:41:00+00,BANKNIFTY,55023.5,55031.5,55016.5,55028.75,162090
2026-05-25 06:42:00+00,NIFTY,23970.75,23970.75,23967.6,23968,3196002
2026-05-25 06:42:00+00,BANKNIFTY,55028.5,55028.7,55021.4,55027.8,171229
2026-05-25 06:43:00+00,NIFTY,23969.2,23969.2,23963.05,23964.05,586751
2026-05-25 06:43:00+00,BANKNIFTY,55026.6,55029.9,55016.75,55021.3,209959
2026-05-25 06:44:00+00,NIFTY,23965.15,23965.15,23962.5,23963.75,773466
2026-05-25 06:44:00+00,BANKNIFTY,55017.5,55022.75,55013.5,55017.65,135874
2026-05-25 06:45:00+00,NIFTY,23965.75,23965.75,23959.85,23960.4,439108
2026-05-25 06:45:00+00,BANKNIFTY,55020.1,55026.45,55013.6,55017.4,173647
2026-05-25 06:46:00+00,NIFTY,23961.4,23961.4,23957.7,23959.15,739026
2026-05-25 06:46:00+00,BANKNIFTY,55015.3,55021.15,55012.8,55017.8,214356
2026-05-25 06:47:00+00,NIFTY,23961.35,23961.8,23958.6,23959.75,940432
2026-05-25 06:47:00+00,BANKNIFTY,55016.65,55021.55,55011.7,55015.85,181369
2026-05-25 06:48:00+00,NIFTY,23962.15,23966.55,23960.9,23966.05,624166
2026-05-25 06:48:00+00,BANKNIFTY,55020.65,55038.3,55017.8,55038.1,244697
2026-05-25 06:49:00+00,NIFTY,23966.75,23968.65,23965.2,23968.65,603652
2026-05-25 06:49:00+00,BANKNIFTY,55038.1,55050.5,55036.65,55047.25,324355
2026-05-25 06:50:00+00,NIFTY,23968.7,23968.7,23963.05,23964.7,487984
2026-05-25 06:50:00+00,BANKNIFTY,55045.15,55045.2,55031.5,55038,201649
2026-05-25 06:52:00+00,NIFTY,23961.2,23962.95,23958.35,23961.8,880057
2026-05-25 06:52:00+00,BANKNIFTY,55018.65,55027.75,55009.25,55023.15,256201
2026-05-25 06:53:00+00,NIFTY,23963.3,23965.65,23961.7,23964.9,587522
2026-05-25 06:53:00+00,BANKNIFTY,55023.65,55030.35,55019.85,55022.55,276332
2026-05-25 06:54:00+00,BANKNIFTY,55022.8,55022.8,55022.8,55022.8,0
2026-05-25 06:54:00+00,NIFTY,23966.1,23966.1,23960.95,23961.55,721458
2026-05-25 06:55:00+00,NIFTY,23963.4,23963.4,23962.05,23962.05,0
2026-05-25 06:55:00+00,BANKNIFTY,55019.85,55019.85,55017,55017,958
2026-05-25 06:56:00+00,NIFTY,23965.25,23965.25,23964.45,23964.45,7093
2026-05-25 06:56:00+00,BANKNIFTY,55015.1,55015.1,55014.15,55014.15,1696
2026-05-25 06:58:00+00,NIFTY,23963.5,23963.5,23960.35,23960.75,38343
2026-05-25 06:58:00+00,BANKNIFTY,54989.45,54989.45,54984.3,54984.55,10759
2026-05-25 06:59:00+00,NIFTY,23961.8,23961.8,23959.65,23960.6,97784
2026-05-25 06:59:00+00,BANKNIFTY,54988.45,54988.45,54985.2,54985.9,3205
2026-05-25 07:00:00+00,NIFTY,23957.85,23957.85,23957,23957.05,40630
2026-05-25 07:00:00+00,BANKNIFTY,54980.45,54985,54980.45,54983.65,5910
2026-05-25 07:01:00+00,NIFTY,23956.65,23956.65,23954.7,23955.4,44422
2026-05-25 07:01:00+00,BANKNIFTY,54979.4,54981.6,54978.7,54981.6,26834
2026-05-25 07:04:00+00,NIFTY,23958.55,23959.7,23957.55,23957.75,133278
2026-05-25 07:04:00+00,BANKNIFTY,54982.8,54985.85,54980.9,54981.45,13108
2026-05-25 07:07:00+00,NIFTY,23964,23964,23962.2,23962.2,53068
2026-05-25 07:07:00+00,BANKNIFTY,54995.75,54997.4,54992.75,54993.9,44653
2026-05-25 07:12:00+00,NIFTY,23960.65,23961.85,23959.65,23960.8,92860
2026-05-25 07:12:00+00,BANKNIFTY,54977.9,54981.2,54977.3,54980.3,18155
2026-05-25 07:13:00+00,NIFTY,23965.1,23967.65,23964.9,23965.65,93597
2026-05-25 07:13:00+00,BANKNIFTY,54987.05,54992.2,54986.85,54989.15,39945
2026-05-25 07:26:00+00,NIFTY,23946.7,23946.85,23944.65,23946.55,189875
2026-05-25 07:26:00+00,BANKNIFTY,54932.35,54938.2,54928.4,54935.1,98448
2026-05-25 07:27:00+00,NIFTY,23949.5,23950.5,23948.2,23950.15,211322
2026-05-25 07:27:00+00,BANKNIFTY,54939.2,54945.3,54938.25,54945.15,142020
2026-05-25 07:28:00+00,NIFTY,23954.45,23954.45,23951,23951.65,270792
2026-05-25 07:28:00+00,BANKNIFTY,54958,54959.35,54951.55,54956.7,200138
2026-05-25 07:29:00+00,NIFTY,23954.85,23954.85,23951.5,23952.05,148508
2026-05-25 07:29:00+00,BANKNIFTY,54957.05,54961.2,54955,54957.85,154359
2026-05-25 07:30:00+00,NIFTY,23955.55,23955.75,23949.7,23949.7,218772
2026-05-25 07:30:00+00,BANKNIFTY,54966.95,54968.65,54956.85,54962.3,193850
2026-05-25 07:31:00+00,NIFTY,23953.9,23953.9,23949.15,23950.3,401418
2026-05-25 07:31:00+00,BANKNIFTY,54962.9,54962.9,54950.3,54955.3,124294
2026-05-25 07:32:00+00,NIFTY,23953,23953,23947.3,23948.45,259228
2026-05-25 07:32:00+00,BANKNIFTY,54956.5,54957.4,54949.3,54954.4,88348
2026-05-25 07:33:00+00,NIFTY,23961.25,23977.75,23961.25,23971.05,1005617
2026-05-25 07:33:00+00,BANKNIFTY,54986.35,55026.5,54986.35,55018.9,685862
2026-05-25 07:34:00+00,NIFTY,23977.7,23977.7,23969.5,23969.5,233089
2026-05-25 07:34:00+00,BANKNIFTY,55028.9,55034.8,55019.5,55019.5,108074
2026-05-25 07:35:00+00,NIFTY,23972.7,23973.45,23970.15,23973,284425
2026-05-25 07:35:00+00,BANKNIFTY,55022.85,55024.9,55011.8,55024.9,65445
2026-05-25 07:37:00+00,NIFTY,23977.85,23980.65,23975.8,23979.3,267815
2026-05-25 07:37:00+00,BANKNIFTY,55020.1,55023.9,55016.15,55022.5,351352
2026-05-25 07:38:00+00,NIFTY,23979.65,23979.65,23975.85,23975.85,151245
2026-05-25 07:38:00+00,BANKNIFTY,55019.75,55022.35,55015.05,55022.35,105487
2026-05-25 07:39:00+00,NIFTY,23979.3,23979.3,23975.45,23975.7,308598
2026-05-25 07:39:00+00,BANKNIFTY,55027.05,55029.55,55016.85,55022.05,98923
2026-05-25 07:42:00+00,NIFTY,23981.75,23981.75,23978.15,23978.9,246364
2026-05-25 07:42:00+00,BANKNIFTY,55030.55,55033.6,55024.5,55030.9,91011
2026-05-25 07:43:00+00,NIFTY,23980.95,23980.95,23977.1,23978.6,232292
2026-05-25 07:43:00+00,BANKNIFTY,55029.05,55032.1,55024,55031.95,123866
2026-05-25 07:44:00+00,NIFTY,23981.3,23981.3,23977.85,23978.3,298499
2026-05-25 07:44:00+00,BANKNIFTY,55033.15,55034.15,55022.8,55023.1,108713
2026-05-25 07:45:00+00,NIFTY,23979.1,23979.1,23975.15,23976.85,319315
2026-05-25 07:45:00+00,BANKNIFTY,55019.2,55023.3,55009.3,55013.4,153885
2026-05-25 07:46:00+00,NIFTY,23979.25,23979.25,23975.45,23976.75,338359
2026-05-25 07:46:00+00,BANKNIFTY,55017.1,55019.8,55011.5,55015.15,188482
2026-05-25 07:47:00+00,NIFTY,23981.65,23981.65,23977.75,23980.1,221879
2026-05-25 07:47:00+00,BANKNIFTY,55021.25,55022.9,55010.85,55022.9,78575
2026-05-25 06:36:00+00,NIFTY,23970.45,23972.35,23963.5,23971.7,531962
2026-05-25 06:36:00+00,BANKNIFTY,55018.05,55019.35,54998.3,55015.1,441252
2026-05-25 06:37:00+00,NIFTY,23975.25,23976.4,23971.1,23971.95,1303438
2026-05-25 06:37:00+00,BANKNIFTY,55024.3,55032.4,55019.1,55025.7,245020
2026-05-25 06:38:00+00,NIFTY,23974.5,23974.5,23960.1,23964.05,589291
2026-05-25 06:38:00+00,BANKNIFTY,55030,55030,55015.4,55021.9,348744
2026-05-25 06:39:00+00,NIFTY,23965.15,23966.6,23960.85,23963.7,599529
2026-05-25 06:39:00+00,BANKNIFTY,55021.45,55022.75,55006.2,55011.05,328397
2026-05-25 06:51:00+00,NIFTY,23966.55,23966.55,23958.95,23959.9,639015
2026-05-25 06:51:00+00,BANKNIFTY,55042,55042,55014.4,55017.4,360559
2026-05-25 06:57:00+00,NIFTY,23965.4,23965.4,23963.9,23964,22616
2026-05-25 06:57:00+00,BANKNIFTY,55004.9,55005.9,55000.95,55000.95,7482
2026-05-25 07:02:00+00,NIFTY,23957.35,23957.35,23955.4,23955.85,34494
2026-05-25 07:02:00+00,BANKNIFTY,54984.9,54984.9,54977.75,54977.75,13124
2026-05-25 07:03:00+00,NIFTY,23956.15,23956.15,23954.35,23954.6,18945
2026-05-25 07:03:00+00,BANKNIFTY,54975.55,54977.45,54972.15,54972.15,25230
2026-05-25 07:05:00+00,NIFTY,23961.35,23961.35,23960.15,23960.55,167901
2026-05-25 07:05:00+00,BANKNIFTY,54985,54988.2,54985,54985,44520
2026-05-25 07:06:00+00,NIFTY,23963.9,23964.45,23961.8,23962.3,126635
2026-05-25 07:06:00+00,BANKNIFTY,55001.8,55001.8,54997.95,54999.95,12805
2026-05-25 07:08:00+00,NIFTY,23967.05,23967.05,23964.45,23964.7,60507
2026-05-25 07:08:00+00,BANKNIFTY,54996,54996,54989,54992.25,27439
2026-05-25 07:09:00+00,NIFTY,23964.7,23964.7,23962.4,23962.95,46293
2026-05-25 07:09:00+00,BANKNIFTY,54993.95,54993.95,54987.85,54991.55,16848
2026-05-25 07:10:00+00,NIFTY,23960.8,23960.8,23957.15,23957.15,111708
2026-05-25 07:10:00+00,BANKNIFTY,54967.9,54970.25,54966.45,54967.1,28258
2026-05-25 07:11:00+00,NIFTY,23961,23961,23958.7,23959.65,64304
2026-05-25 07:11:00+00,BANKNIFTY,54974,54974,54967.6,54970.8,17528
2026-05-25 07:14:00+00,NIFTY,23966.35,23966.35,23963.4,23963.95,113863
2026-05-25 07:14:00+00,BANKNIFTY,54980.95,54985,54977.5,54977.85,28561
2026-05-25 07:15:00+00,NIFTY,23960.05,23960.4,23957.9,23959,115689
2026-05-25 07:15:00+00,BANKNIFTY,54975.15,54988.75,54975.15,54980.2,100988
2026-05-25 07:16:00+00,NIFTY,23960.6,23960.6,23956,23957.25,83425
2026-05-25 07:16:00+00,BANKNIFTY,54983.65,54984.45,54976.35,54976.35,133447
2026-05-25 07:17:00+00,NIFTY,23953.3,23953.3,23948.9,23949.1,121566
2026-05-25 07:17:00+00,BANKNIFTY,54968.6,54969.8,54960.35,54962.6,59798
2026-05-25 07:18:00+00,NIFTY,23954.1,23954.1,23950.25,23951.35,82150
2026-05-25 07:18:00+00,BANKNIFTY,54971.65,54972.85,54966.15,54968.05,56710
2026-05-25 07:19:00+00,NIFTY,23939.9,23939.95,23936.85,23938.65,162373
2026-05-25 07:19:00+00,BANKNIFTY,54923.5,54927.25,54920.1,54923.95,343171
2026-05-25 07:20:00+00,NIFTY,23943.9,23943.9,23935.95,23936.6,270981
2026-05-25 07:20:00+00,BANKNIFTY,54925.9,54925.9,54909.9,54911.7,202149
2026-05-25 07:21:00+00,NIFTY,23943.25,23945.75,23941.2,23943.8,204345
2026-05-25 07:21:00+00,BANKNIFTY,54932.6,54938.25,54928.25,54937.45,57560
2026-05-25 07:22:00+00,NIFTY,23943.95,23944.15,23942.2,23942.65,73333
2026-05-25 07:22:00+00,BANKNIFTY,54935.9,54939.9,54933.3,54934.75,53873
2026-05-25 07:23:00+00,NIFTY,23949.3,23949.3,23946.85,23947.8,101813
2026-05-25 07:23:00+00,BANKNIFTY,54942.9,54947.1,54940.4,54945.95,31809
2026-05-25 07:24:00+00,NIFTY,23947.95,23947.95,23945.65,23945.8,162534
2026-05-25 07:24:00+00,BANKNIFTY,54938.7,54944.95,54936.55,54942,59288
2026-05-25 07:25:00+00,NIFTY,23952.7,23952.7,23947.75,23947.75,129876
2026-05-25 07:25:00+00,BANKNIFTY,54944.2,54944.9,54938.25,54938.25,40471
2026-05-25 07:36:00+00,NIFTY,23972.75,23973.05,23970.15,23972,173604
2026-05-25 07:36:00+00,BANKNIFTY,55022.9,55025.1,55012.9,55015,139603
2026-05-25 07:40:00+00,NIFTY,23979.75,23983.55,23978.15,23980.95,453983
2026-05-25 07:40:00+00,BANKNIFTY,55023.55,55035.25,55022.05,55032.3,203947
2026-05-25 07:41:00+00,NIFTY,23983.6,23983.6,23977.3,23977.3,365054
2026-05-25 07:41:00+00,BANKNIFTY,55035.55,55037.35,55025.65,55031,182619
2026-05-25 07:48:00+00,NIFTY,23978.6,23978.6,23975.45,23978.15,314728
2026-05-25 07:48:00+00,BANKNIFTY,55019.5,55021.15,55011.4,55018.3,123004
2026-05-25 07:49:00+00,NIFTY,23980.65,23982.1,23978.2,23980.95,318901
2026-05-25 07:49:00+00,BANKNIFTY,55024.85,55027.55,55016.55,55027.1,110866
2026-05-25 07:50:00+00,NIFTY,23983.35,23983.65,23980.8,23982.9,415567
2026-05-25 07:50:00+00,BANKNIFTY,55029.8,55032.5,55024.95,55027.1,73944
2026-05-25 07:51:00+00,NIFTY,23983.9,23983.9,23981.1,23982.35,438106
2026-05-25 07:51:00+00,BANKNIFTY,55026.2,55028.9,55019.5,55023.35,111888
2026-05-25 07:52:00+00,NIFTY,23981.15,23981.15,23977.2,23979.9,642041
2026-05-25 07:52:00+00,BANKNIFTY,55024,55027.8,55018.65,55021.8,116615
2026-05-25 07:53:00+00,NIFTY,23983.05,23983.2,23979.8,23980.35,439073
2026-05-25 07:53:00+00,BANKNIFTY,55030.8,55034.35,55020.85,55020.85,137360
2026-05-25 07:54:00+00,NIFTY,23983.25,23983.25,23980.5,23981.4,500742
2026-05-25 07:54:00+00,BANKNIFTY,55018.2,55022.45,55011.1,55012.8,243998
2026-05-25 07:55:00+00,NIFTY,23983,23983,23980.85,23981.3,485559
2026-05-25 07:55:00+00,BANKNIFTY,55014.05,55015.65,55008.6,55009,100710
2026-05-25 07:56:00+00,NIFTY,23984.05,23984.05,23981.1,23982.1,398735
2026-05-25 07:56:00+00,BANKNIFTY,55016,55016.35,55005.95,55014.15,276907
2026-05-25 07:57:00+00,NIFTY,23983.2,23984.5,23979.9,23982.85,255045
2026-05-25 07:57:00+00,BANKNIFTY,55011.2,55020.25,55006.85,55017.6,84536
2026-05-25 07:58:00+00,NIFTY,23984.85,23985.75,23982.95,23984.75,295416
2026-05-25 07:58:00+00,BANKNIFTY,55015.6,55023.5,55014.15,55021.65,120039
2026-05-25 07:59:00+00,NIFTY,23985.5,23985.5,23982.5,23983,310954
2026-05-25 07:59:00+00,BANKNIFTY,55018.65,55020.45,55011.95,55020.45,150133
2026-05-25 08:00:00+00,NIFTY,23986.55,23986.8,23982.6,23982.85,324083
2026-05-25 08:00:00+00,BANKNIFTY,55021.45,55022.7,55012.55,55015.6,93402
2026-05-25 08:01:00+00,NIFTY,23984.15,23987.3,23982.05,23985.9,401398
2026-05-25 08:01:00+00,BANKNIFTY,55013.6,55018.45,55010,55017.95,224691
2026-05-25 08:02:00+00,NIFTY,23989.2,23990.5,23986.95,23986.95,475362
2026-05-25 08:02:00+00,BANKNIFTY,55017.95,55026.1,55015.45,55016.85,306145
2026-05-25 08:03:00+00,NIFTY,23987.05,23987.05,23982.45,23984.4,760929
2026-05-25 08:03:00+00,BANKNIFTY,55016.1,55016.1,55005.95,55008.1,80466
2026-05-25 08:04:00+00,NIFTY,23988.35,23991,23985.9,23991,242459
2026-05-25 08:04:00+00,BANKNIFTY,55012.7,55018.3,55010.2,55017.95,160588
2026-05-25 08:05:00+00,NIFTY,23990.1,23990.1,23983.85,23984.25,355540
2026-05-25 08:05:00+00,BANKNIFTY,55015.75,55018.1,55007.7,55008.35,195241
2026-05-25 08:06:00+00,NIFTY,23986.6,23986.6,23981.7,23982.05,349120
2026-05-25 08:06:00+00,BANKNIFTY,55007.2,55007.2,54990.7,54992.35,391757
2026-05-25 08:07:00+00,NIFTY,23983.4,23983.4,23978.65,23980.4,310306
2026-05-25 08:07:00+00,BANKNIFTY,54996.9,54997.8,54984.35,54989.2,91057
2026-05-25 08:08:00+00,NIFTY,23981.75,23982.6,23978.95,23980.45,425305
2026-05-25 08:08:00+00,BANKNIFTY,54987.5,54991.3,54982.15,54985.85,162361
2026-05-25 08:09:00+00,NIFTY,23981.45,23981.45,23977,23977.9,480623
2026-05-25 08:09:00+00,BANKNIFTY,54986.95,54989.55,54978.95,54983.7,159475
2026-05-25 08:10:00+00,NIFTY,23981.55,23981.55,23977.6,23978.4,374666
2026-05-25 08:10:00+00,BANKNIFTY,54986.7,54988.8,54978.25,54982.55,92600
2026-05-25 08:11:00+00,NIFTY,23978.9,23978.9,23976.1,23977.75,497995
2026-05-25 08:11:00+00,BANKNIFTY,54981.35,54982.8,54975.35,54979.85,125565
2026-05-25 08:12:00+00,NIFTY,23976.9,23976.9,23970,23970.75,435481
2026-05-25 08:12:00+00,BANKNIFTY,54980.15,54980.15,54964.75,54967.05,301975
2026-05-25 08:13:00+00,NIFTY,23968.7,23968.7,23964.25,23965.15,375714
2026-05-25 08:13:00+00,BANKNIFTY,54961.3,54961.3,54944.05,54950.1,265608
2026-05-25 08:14:00+00,NIFTY,23969.75,23969.75,23964.8,23965.6,322798
2026-05-25 08:14:00+00,BANKNIFTY,54962.25,54962.4,54955.5,54957.35,90398
2026-05-25 08:15:00+00,NIFTY,23965.65,23968.8,23962.2,23967.95,526664
2026-05-25 08:15:00+00,BANKNIFTY,54959.2,54971.45,54954.3,54970.65,202317
2026-05-25 08:16:00+00,NIFTY,23969.95,23971.4,23968,23970.5,324172
2026-05-25 08:16:00+00,BANKNIFTY,54976.15,54984.6,54976.15,54984.35,157132
2026-05-25 08:17:00+00,NIFTY,23973,23974.75,23969.4,23971.55,362277
2026-05-25 08:17:00+00,BANKNIFTY,54995.25,54995.25,54982.75,54986.75,113960
2026-05-25 08:18:00+00,NIFTY,23974.2,23975.25,23971,23973.1,340981
2026-05-25 08:18:00+00,BANKNIFTY,54987.95,54993.1,54982.95,54988.5,158218
2026-05-25 08:19:00+00,NIFTY,23975.2,23975.2,23971,23973.05,293181
2026-05-25 08:19:00+00,BANKNIFTY,54987.15,54996.45,54983.3,54993.95,198251
2026-05-25 08:20:00+00,NIFTY,23973.25,23975,23971.25,23972.8,342271
2026-05-25 08:20:00+00,BANKNIFTY,54996.15,55002.5,54992.75,54997.95,111071
2026-05-25 08:21:00+00,NIFTY,23974.55,23974.55,23971,23974.05,316983
2026-05-25 08:21:00+00,BANKNIFTY,54999.75,55005.05,54992.65,55005.05,156810
2026-05-25 08:22:00+00,NIFTY,23977.4,23977.4,23973.15,23974.3,557383
2026-05-25 08:22:00+00,BANKNIFTY,55012.35,55018.2,55007.9,55016.55,286515
2026-05-25 08:23:00+00,NIFTY,23975.7,23975.7,23970.6,23970.6,583400
2026-05-25 08:23:00+00,BANKNIFTY,55015.95,55019.6,55006.9,55008.75,468023
2026-05-25 08:24:00+00,NIFTY,23973.65,23973.7,23970.95,23972.3,351542
2026-05-25 08:24:00+00,BANKNIFTY,55009.45,55013.95,55005.75,55012.8,142774
2026-05-25 08:25:00+00,NIFTY,23973.65,23974.55,23970.45,23971.2,370162
2026-05-25 08:25:00+00,BANKNIFTY,55012.7,55013.4,55002.85,55008.8,185535
2026-05-25 08:26:00+00,NIFTY,23970.1,23970.1,23965.25,23967.65,366682
2026-05-25 08:26:00+00,BANKNIFTY,55001.55,55002.85,54992.45,54998.2,240168
2026-05-25 08:27:00+00,NIFTY,23968,23969.65,23965,23969.1,425491
2026-05-25 08:27:00+00,BANKNIFTY,54996.5,55000.05,54992.85,54995.45,139348
2026-05-25 08:28:00+00,NIFTY,23969.75,23969.75,23964.35,23966.4,341467
2026-05-25 08:28:00+00,BANKNIFTY,54995,54995,54971.7,54975.5,226566
2026-05-25 08:29:00+00,NIFTY,23967.95,23968.1,23964.55,23965.9,848367
2026-05-25 08:29:00+00,BANKNIFTY,54973.95,54980.85,54970.25,54979.15,114858
2026-05-25 08:30:00+00,NIFTY,23966.95,23966.95,23962.6,23964.2,396292
2026-05-25 08:30:00+00,BANKNIFTY,54979.4,54982.65,54974.7,54981.3,179281
2026-05-25 08:31:00+00,NIFTY,23967.1,23967.2,23963.8,23964.85,402938
2026-05-25 08:31:00+00,BANKNIFTY,54981.6,54983.35,54973.4,54978.7,129993
2026-05-25 08:32:00+00,NIFTY,23966.95,23971.3,23965.4,23971,354983
2026-05-25 08:32:00+00,BANKNIFTY,54978.8,55001.9,54976.75,55001.9,287249
2026-05-25 08:33:00+00,NIFTY,23972.8,23974.75,23970.8,23973.9,753493
2026-05-25 08:33:00+00,BANKNIFTY,55000.4,55008.3,54998.7,55006.1,260670
2026-05-25 08:34:00+00,NIFTY,23976.4,23978.55,23974.6,23974.6,654438
2026-05-25 08:34:00+00,BANKNIFTY,55010.55,55026.25,55010.55,55015.8,739691
2026-05-25 08:35:00+00,NIFTY,23977.75,23977.75,23974.2,23975.1,289831
2026-05-25 08:35:00+00,BANKNIFTY,55021.4,55024.85,55016.95,55021.1,310466
2026-05-25 08:41:00+00,NIFTY,23969.45,23971.3,23967.05,23970.2,765597
2026-05-25 08:41:00+00,BANKNIFTY,55005.35,55015.6,55001.3,55010.65,507874
2026-05-25 08:53:00+00,NIFTY,23967,23967,23963.95,23964.5,55330
2026-05-25 08:53:00+00,BANKNIFTY,54984.5,54984.5,54976.6,54979.45,18110
2026-05-25 08:54:00+00,NIFTY,23965.1,23965.1,23963,23963.3,57891
2026-05-25 08:54:00+00,BANKNIFTY,54988.05,54988.05,54981.15,54981.15,31149
2026-05-25 08:55:00+00,NIFTY,23967.3,23967.3,23965,23965.5,92044
2026-05-25 08:55:00+00,BANKNIFTY,54990.5,54990.5,54986.65,54987.35,18179
2026-05-25 08:56:00+00,NIFTY,23972.05,23972.05,23969.75,23970.95,48616
2026-05-25 08:56:00+00,BANKNIFTY,54994.8,54995,54991.6,54992.85,27409
2026-05-25 08:57:00+00,NIFTY,23978.35,23978.75,23976,23978.55,78643
2026-05-25 08:57:00+00,BANKNIFTY,55009.95,55012.05,55007.75,55010.75,39246
2026-05-25 08:58:00+00,NIFTY,23979.7,23980.65,23978.25,23979.45,110991
2026-05-25 08:58:00+00,BANKNIFTY,55012.8,55012.8,55005.9,55009.7,198376
2026-05-25 08:59:00+00,NIFTY,23982.85,23982.85,23979.8,23980.1,41280
2026-05-25 08:59:00+00,BANKNIFTY,55006.65,55006.65,54999.05,55001.55,39673
2026-05-25 09:00:00+00,NIFTY,23979,23979.2,23977.7,23978.3,64461
2026-05-25 09:00:00+00,BANKNIFTY,55002.95,55007.15,55000.7,55003.8,19723
2026-05-25 09:01:00+00,NIFTY,23979.35,23979.95,23978.2,23978.2,64125
2026-05-25 09:01:00+00,BANKNIFTY,55005.8,55010,55004,55009.8,92870
2026-05-25 09:02:00+00,NIFTY,23981.75,23981.75,23979.05,23979.75,74569
2026-05-25 09:02:00+00,BANKNIFTY,55010,55011.9,55005.8,55006.55,42418
2026-05-25 09:03:00+00,NIFTY,23983.55,23983.55,23981.7,23982.3,79556
2026-05-25 09:03:00+00,BANKNIFTY,55019,55022.5,55017.3,55017.3,53512
2026-05-25 09:04:00+00,NIFTY,23985.45,23985.55,23984.05,23985.55,132385
2026-05-25 09:04:00+00,BANKNIFTY,55024.15,55030.85,55020.75,55030.5,56472
2026-05-25 09:05:00+00,NIFTY,23989.3,23989.3,23985.9,23987.5,104784
2026-05-25 09:05:00+00,BANKNIFTY,55032.5,55034.55,55029.05,55034.45,114142
2026-05-25 09:17:00+00,NIFTY,24024.8,24027.45,24022.65,24025.85,408833
2026-05-25 09:17:00+00,BANKNIFTY,55204.9,55214.6,55199.25,55210.9,531807
2026-05-25 09:18:00+00,NIFTY,24028.7,24028.7,24025.4,24025.4,436462
2026-05-25 09:18:00+00,BANKNIFTY,55246.55,55250.55,55242,55242.7,251675
2026-05-25 09:19:00+00,NIFTY,24022.95,24022.95,24019.85,24020.6,284543
2026-05-25 09:19:00+00,BANKNIFTY,55245.05,55250.5,55239,55243.2,214418
2026-05-25 09:24:00+00,NIFTY,24026.5,24026.9,24023.8,24026.3,231494
2026-05-25 09:24:00+00,BANKNIFTY,55208.9,55212.2,55192.85,55212.2,324837
2026-05-25 09:25:00+00,NIFTY,24030.15,24030.75,24027.1,24029.55,326878
2026-05-25 09:25:00+00,BANKNIFTY,55213.25,55213.25,55200.55,55210.55,249722
2026-05-25 09:26:00+00,NIFTY,24030,24030.25,24027.8,24029.15,221408
2026-05-25 09:26:00+00,BANKNIFTY,55213.95,55220.25,55209.25,55210.3,348174
2026-05-25 09:27:00+00,NIFTY,24030.05,24030.5,24027.95,24030.2,357710
2026-05-25 09:27:00+00,BANKNIFTY,55220.65,55226.3,55212.55,55226.3,283899
2026-05-25 09:28:00+00,NIFTY,24034.95,24036.8,24032.1,24032.95,479513
2026-05-25 09:28:00+00,BANKNIFTY,55240.15,55242.25,55232.55,55236.15,266623
2026-05-25 08:36:00+00,NIFTY,23976.6,23976.7,23969.35,23969.7,591809
2026-05-25 08:36:00+00,BANKNIFTY,55020.55,55021.45,55004.75,55008.75,412368
2026-05-25 08:37:00+00,NIFTY,23970.3,23970.5,23963.75,23964.7,780940
2026-05-25 08:37:00+00,BANKNIFTY,55011.55,55011.95,54996.3,55001.05,276992
2026-05-25 08:38:00+00,NIFTY,23965.35,23965.35,23961.65,23964.25,574613
2026-05-25 08:38:00+00,BANKNIFTY,54997.3,54998.1,54989.6,54994.75,242208
2026-05-25 08:39:00+00,NIFTY,23965.8,23965.8,23960.9,23962.7,338953
2026-05-25 08:39:00+00,BANKNIFTY,54995.35,54995.9,54987.25,54992.6,178393
2026-05-25 08:40:00+00,NIFTY,23964.7,23969.65,23961.05,23967.7,535701
2026-05-25 08:40:00+00,BANKNIFTY,54995,55007.35,54988.2,55004.9,336747
2026-05-25 08:42:00+00,NIFTY,23972.1,23972.35,23966.35,23967.95,437641
2026-05-25 08:42:00+00,BANKNIFTY,55011.3,55018,55005.35,55009.9,181514
2026-05-25 08:43:00+00,NIFTY,23969.1,23969.75,23961.6,23962.15,437437
2026-05-25 08:43:00+00,BANKNIFTY,55012.35,55015.15,54993.3,54997.5,229849
2026-05-25 08:44:00+00,NIFTY,23963.4,23963.6,23956.7,23958.55,590588
2026-05-25 08:44:00+00,BANKNIFTY,54997.25,55000.05,54978.35,54982.55,345965
2026-05-25 08:45:00+00,NIFTY,23959.95,23964.2,23957.3,23963.9,719063
2026-05-25 08:46:00+00,NIFTY,23965.15,23965.15,23965,23965,0
2026-05-25 08:45:00+00,BANKNIFTY,54983,54993.4,54973.85,54993.05,388414
2026-05-25 08:46:00+00,BANKNIFTY,54991.35,54991.35,54991.35,54991.35,0
2026-05-25 08:47:00+00,NIFTY,23963.45,23963.45,23962.5,23962.65,67384
2026-05-25 08:47:00+00,BANKNIFTY,54985.95,54986.2,54985.95,54986.2,51329
2026-05-25 08:48:00+00,NIFTY,23965,23965,23962.25,23962.6,15298
2026-05-25 08:48:00+00,BANKNIFTY,54990.7,54993.7,54990.7,54991.2,9275
2026-05-25 08:49:00+00,NIFTY,23959.8,23959.8,23958.15,23959,19143
2026-05-25 08:49:00+00,BANKNIFTY,54980.85,54980.85,54978.55,54978.55,5272
2026-05-25 08:50:00+00,NIFTY,23960.65,23960.65,23959,23959.75,23960
2026-05-25 08:50:00+00,BANKNIFTY,54967.55,54967.55,54963.4,54966.35,8037
2026-05-25 08:51:00+00,NIFTY,23963.45,23963.85,23962.5,23963.85,97222
2026-05-25 08:51:00+00,BANKNIFTY,54985.85,54985.85,54982.7,54985.4,46774
2026-05-25 08:52:00+00,NIFTY,23966.2,23966.2,23964.2,23964.6,38937
2026-05-25 08:52:00+00,BANKNIFTY,54981.6,54981.6,54977.35,54980.15,11493
2026-05-25 09:06:00+00,NIFTY,23987.6,23987.6,23984.5,23984.95,102447
2026-05-25 09:06:00+00,BANKNIFTY,55038.45,55041.1,55036.25,55037.2,105162
2026-05-25 09:07:00+00,NIFTY,23988.5,23988.5,23985.95,23987.05,105479
2026-05-25 09:07:00+00,BANKNIFTY,55039.3,55041.45,55035.5,55037.65,182959
2026-05-25 09:08:00+00,NIFTY,23991.1,23991.3,23987.75,23988.1,87995
2026-05-25 09:08:00+00,BANKNIFTY,55028,55029.4,55024.4,55025.95,226387
2026-05-25 09:09:00+00,NIFTY,23997.5,23998.8,23994.65,23996.65,190074
2026-05-25 09:09:00+00,BANKNIFTY,55043.2,55053.05,55038.15,55047.15,173895
2026-05-25 09:10:00+00,NIFTY,23997.35,23998.45,23995.6,23997.05,175610
2026-05-25 09:10:00+00,BANKNIFTY,55056.5,55059.1,55052.9,55056.9,66867
2026-05-25 09:11:00+00,NIFTY,23996.7,23996.7,23994.15,23994.75,123552
2026-05-25 09:11:00+00,BANKNIFTY,55053.65,55058.4,55051.05,55051.05,84762
2026-05-25 09:12:00+00,NIFTY,23996.9,23996.9,23994.3,23995.7,126620
2026-05-25 09:12:00+00,BANKNIFTY,55056.75,55061.75,55055.75,55059.85,58988
2026-05-25 09:13:00+00,NIFTY,23995.65,23995.65,23992.55,23994.1,167328
2026-05-25 09:13:00+00,BANKNIFTY,55048,55054,55047.5,55054,305828
2026-05-25 09:14:00+00,NIFTY,23998.3,24003.35,23996.65,24003.3,254631
2026-05-25 09:14:00+00,BANKNIFTY,55063.1,55094.25,55060.95,55094.25,1055727
2026-05-25 09:15:00+00,NIFTY,24009.55,24010.6,24007.4,24008.9,189436
2026-05-25 09:15:00+00,BANKNIFTY,55104.95,55118.5,55104.95,55111.7,1313044
2026-05-25 09:16:00+00,NIFTY,24015,24016.5,24013,24014.35,250557
2026-05-25 09:16:00+00,BANKNIFTY,55150.2,55156.25,55147.7,55148.75,217559
2026-05-25 09:20:00+00,NIFTY,24020.85,24021.45,24018.8,24020.1,227481
2026-05-25 09:20:00+00,BANKNIFTY,55223.95,55233.4,55221.5,55228.3,135001
2026-05-25 09:21:00+00,NIFTY,24021.9,24023,24020.75,24022.25,281449
2026-05-25 09:21:00+00,BANKNIFTY,55238.5,55240.85,55233.1,55239.7,317616
2026-05-25 09:22:00+00,NIFTY,24024.2,24024.2,24019.65,24022.15,1766735
2026-05-25 09:22:00+00,BANKNIFTY,55227.55,55229.9,55214.05,55222.05,209241
2026-05-25 09:23:00+00,NIFTY,24027,24028.05,24024.2,24028,221552
2026-05-25 09:23:00+00,BANKNIFTY,55217.4,55222.6,55210.3,55222.6,243532
2026-05-25 09:29:00+00,NIFTY,24034.55,24035.75,24031.9,24033.25,461832
2026-05-25 09:29:00+00,BANKNIFTY,55233.5,55241.55,55224.05,55233.25,454205
2026-05-25 09:30:00+00,NIFTY,24035.75,24035.75,24028.55,24030.4,520082
2026-05-25 09:30:00+00,BANKNIFTY,55247.5,55250.6,55234,55243.15,647194
2026-05-25 09:31:00+00,NIFTY,24027.75,24031.7,24025.95,24029.8,603271
2026-05-25 09:31:00+00,BANKNIFTY,55248.6,55279.85,55247.35,55276.3,1200464
2026-05-25 09:32:00+00,NIFTY,24030.1,24030.1,24026.4,24028.2,420348
2026-05-25 09:32:00+00,BANKNIFTY,55267.25,55267.25,55237.1,55246.7,942368
2026-05-25 09:33:00+00,NIFTY,24036.05,24038.1,24034.4,24035.5,614065
2026-05-25 09:33:00+00,BANKNIFTY,55259.3,55263.7,55252.35,55256.3,617196
2026-05-25 09:34:00+00,NIFTY,24034.35,24035.2,24031,24033.55,384500
2026-05-25 09:34:00+00,BANKNIFTY,55252.5,55258.05,55249.35,55256.65,332603
2026-05-25 09:35:00+00,NIFTY,24033.25,24034.25,24027.65,24028.15,653035
2026-05-25 09:35:00+00,BANKNIFTY,55261.35,55261.35,55249.8,55249.8,719660
2026-05-25 09:36:00+00,NIFTY,24025.75,24027.6,24024.3,24025.8,485397
2026-05-25 09:36:00+00,BANKNIFTY,55253.75,55261.2,55247.65,55249.2,799373
2026-05-25 09:37:00+00,NIFTY,24025.05,24028.2,24024.8,24027,604094
2026-05-25 09:37:00+00,BANKNIFTY,55255.55,55262.85,55247.05,55257.55,588623
2026-05-25 09:38:00+00,NIFTY,24028.75,24029.5,24026.15,24027.45,584000
2026-05-25 09:38:00+00,BANKNIFTY,55258.5,55262.9,55252.15,55255.8,1149932
2026-05-25 09:39:00+00,NIFTY,24023.35,24025.4,24022.45,24025.05,564050
2026-05-25 09:39:00+00,BANKNIFTY,55245.35,55253.8,55243.6,55248.85,732707
2026-05-25 09:40:00+00,NIFTY,24026,24028.85,24024.25,24027.65,634558
2026-05-25 09:40:00+00,BANKNIFTY,55251.05,55262.65,55250.05,55262.55,350847
2026-05-25 09:41:00+00,NIFTY,24027.85,24030.55,24026.6,24030.1,631049
2026-05-25 09:41:00+00,BANKNIFTY,55259.35,55270.3,55256.45,55267.75,868867
2026-05-25 09:42:00+00,NIFTY,24031.25,24033.5,24030.05,24032.6,650502
2026-05-25 09:42:00+00,BANKNIFTY,55262.4,55277.4,55259.75,55274.85,876850
2026-05-25 09:43:00+00,NIFTY,24033.8,24036,24032.1,24034.8,1054213
2026-05-25 09:43:00+00,BANKNIFTY,55277.65,55304.4,55274.35,55300.9,1069615
2026-05-25 09:44:00+00,NIFTY,24035.9,24037.4,24033.35,24035.25,962868
2026-05-25 09:44:00+00,BANKNIFTY,55301.15,55309.5,55298.1,55300.05,861936
2026-05-25 09:45:00+00,NIFTY,24035.85,24037.15,24031.45,24034.2,1378629
2026-05-25 09:45:00+00,BANKNIFTY,55301.5,55307.35,55290.4,55292.75,1207881
2026-05-25 09:46:00+00,NIFTY,24030.35,24031.8,24027.5,24027.5,966068
2026-05-25 09:46:00+00,BANKNIFTY,55281.05,55286.3,55270.7,55275.85,887076
2026-05-25 09:52:00+00,NIFTY,24024.75,24027.55,24022.85,24024.85,1017113
2026-05-25 09:52:00+00,BANKNIFTY,55299.9,55309.8,55294.05,55303.25,723400
2026-05-25 09:53:00+00,NIFTY,24029.8,24032.65,24027.75,24031.25,1056167
2026-05-25 09:53:00+00,BANKNIFTY,55307.45,55315.9,55302.95,55308.75,907169
2026-05-25 09:54:00+00,NIFTY,24031.6,24034.2,24028.75,24032.65,1285365
2026-05-25 09:54:00+00,BANKNIFTY,55311.55,55313.5,55295.95,55302.5,1098390
2026-05-25 09:55:00+00,NIFTY,24031.8,24035.05,24026.1,24029.05,1759557
2026-05-25 09:55:00+00,BANKNIFTY,55307.8,55325.45,55291.4,55315.2,2456533
2026-05-25 09:56:00+00,NIFTY,24034.4,24039.85,24031.65,24037.35,998662
2026-05-25 09:56:00+00,BANKNIFTY,55353.5,55398.55,55341.65,55389,2586130
2026-05-25 09:57:00+00,NIFTY,24042.9,24045.8,24040.9,24044.8,1400622
2026-05-25 09:57:00+00,BANKNIFTY,55392.15,55392.15,55366.2,55380.25,1423314
2026-05-25 09:58:00+00,NIFTY,24044.95,24051.85,24044.05,24050.35,1354187
2026-05-25 09:58:00+00,BANKNIFTY,55381.35,55394.35,55371.25,55392.15,1942832
2026-05-25 09:59:00+00,NIFTY,24051,24054.45,24048.45,24051.6,1614662
2026-05-25 09:59:00+00,BANKNIFTY,55390.65,55398.75,55377.15,55384.35,1050839
2026-05-25 09:47:00+00,NIFTY,24030.8,24031.1,24025.9,24027.1,574273
2026-05-25 09:47:00+00,BANKNIFTY,55289.15,55291.05,55270.65,55278.7,693316
2026-05-25 09:48:00+00,NIFTY,24028.05,24028.7,24024.2,24025.9,1016538
2026-05-25 09:48:00+00,BANKNIFTY,55282.85,55293.75,55276.05,55283,1398533
2026-05-25 09:49:00+00,NIFTY,24027.2,24029.55,24023.75,24023.75,806448
2026-05-25 09:49:00+00,BANKNIFTY,55284.55,55290.35,55266.95,55277.6,1046471
2026-05-25 09:50:00+00,NIFTY,24025.2,24027,24021.1,24023.7,1123648
2026-05-25 09:50:00+00,BANKNIFTY,55282.9,55296.95,55277.25,55287.2,1402099
2026-05-25 09:51:00+00,NIFTY,24024.85,24025.85,24021.25,24024.7,1271464
2026-05-25 09:51:00+00,BANKNIFTY,55299.15,55301.15,55287.2,55299.9,1177901
